"customer_state","total_orders","total_items","total_sales","total_freight","delivered_orders","delivered_items","delivered_product_revenue","delivered_freight_value","avg_ticket","delivered_avg_ticket"
"SP","41375","47449","5202955.05","718723.07","40501","46448","5067633.16","702069.99","125.75","125.12"
"RJ","12762","14579","1824092.67","305589.31","12350","14143","1759651.13","295750.44","142.93","142.48"
"MG","11544","13129","1585308.03","270853.46","11354","12916","1552481.83","266409.84","137.33","136.73"
"RS","5432","6235","750304.02","135522.74","5345","6134","728897.47","132575.32","138.13","136.37"
"PR","4998","5740","683083.76","117851.68","4923","5649","666063.51","115645.29","136.67","135.30"
"SC","3612","4176","520553.34","89660.26","3546","4097","507012.13","88115.65","144.12","142.98"
"BA","3358","3799","511349.99","100156.68","3256","3683","493584.14","97553.67","152.28","151.59"
"DF","2125","2406","302603.94","50625.50","2080","2355","296498.41","49624.94","142.40","142.55"
"GO","2007","2333","294591.95","53114.98","1957","2277","282836.70","51375.65","146.78","144.53"
"ES","2025","2256","275037.31","49764.60","1995","2225","268643.45","49014.48","135.82","134.66"
"PE","1648","1806","262788.03","59449.66","1593","1746","251889.49","57082.56","159.46","158.12"
"CE","1327","1478","227254.71","48351.59","1279","1426","219757.38","46679.39","171.25","171.82"
"PA","970","1080","178947.81","38699.30","946","1054","174470.59","37552.98","184.48","184.43"
"MT","903","1055","156453.53","29715.43","886","1037","152191.62","29032.80","173.26","171.77"
"MA","740","824","119648.22","31523.77","717","800","117009.38","30794.17","161.69","163.19"
"MS","709","819","116812.64","19144.03","701","811","115429.97","18937.58","164.76","164.66"
"PB","532","602","115268.08","25719.73","517","586","112586.82","25251.73","216.67","217.77"
"PI","493","542","86914.08","21218.20","476","523","84721.00","20457.19","176.30","177.99"
"RN","482","529","83034.98","18860.10","474","521","82105.66","18609.12","172.27","173.22"
"AL","411","444","80314.81","15914.59","397","427","78855.72","15316.77","195.41","198.63"
"SE","345","385","58920.85","14111.47","335","375","56574.19","13714.94","170.79","168.88"
"TO","279","315","49621.74","11732.68","274","310","48402.51","11604.86","177.86","176.65"
"RO","247","278","46140.64","11417.38","243","273","45682.76","11283.24","186.80","187.99"
"AM","147","165","22356.84","5478.89","145","163","22155.84","5429.63","152.09","152.80"
"AC","81","92","15982.95","3686.75","80","91","15930.97","3644.36","197.32","199.14"
"AP","68","82","13474.30","2788.50","67","81","13374.81","2767.00","198.15","199.62"
"RR","46","52","7829.43","2235.19","41","46","7057.47","1982.05","170.21","172.13"
