"product_category_name","total_orders","total_items","total_sales","avg_price","delivered_orders","delivered_items","delivered_product_revenue","delivered_freight_value","delivered_avg_item_price","delivered_avg_ticket"
"beleza_saude","8836","9670","1258681.34","130.16","8647","9465","1233131.72","178957.81","130.28","142.61"
"relogios_presentes","5624","5991","1205005.68","201.14","5495","5859","1166176.98","98156.14","199.04","212.23"
"cama_mesa_banho","9417","11115","1036988.68","93.30","9272","10953","1023434.76","201774.50","93.44","110.38"
"esporte_lazer","7720","8641","988048.97","114.34","7530","8431","954852.55","163404.36","113.25","126.81"
"informatica_acessorios","6689","7827","911954.32","116.51","6530","7644","888724.61","143999.16","116.26","136.10"
"moveis_decoracao","6449","8334","729762.49","87.56","6307","8160","711927.69","168402.23","87.25","112.88"
"cool_stuff","3632","3796","635290.85","167.36","3559","3718","610204.10","81476.79","164.12","171.45"
"utilidades_domesticas","5884","6964","632248.66","90.79","5743","6795","615628.69","142763.56","90.60","107.20"
"automotivo","3897","4235","592720.11","139.96","3810","4140","578966.65","90488.10","139.85","151.96"
"ferramentas_jardim","3518","4347","485256.46","111.63","3448","4268","470495.28","96650.40","110.24","136.45"
"brinquedos","3886","4117","483946.60","117.55","3804","4030","471286.48","75774.58","116.94","123.89"
"bebes","2885","3065","411764.89","134.34","2809","2982","400421.84","66305.81","134.28","142.55"
"perfumaria","3162","3419","399124.87","116.74","3086","3340","390144.65","53026.98","116.81","126.42"
"telefonia","4199","4545","323667.53","71.21","4093","4430","309860.23","69342.39","69.95","75.70"
"moveis_escritorio","1273","1691","273960.70","162.01","1254","1668","268154.31","67057.05","160.76","213.84"
"papelaria","2311","2517","230943.23","91.75","2264","2466","223788.69","45786.36","90.75","98.85"
"pcs","181","203","222963.13","1098.34","177","199","218684.14","9665.62","1098.92","1235.50"
"pet_shop","1710","1947","214315.41","110.07","1688","1924","211695.64","38918.56","110.03","125.41"
"instrumentos_musicais","628","680","191498.88","281.62","611","651","184315.74","17871.38","283.13","301.66"
"eletroportateis","630","679","190648.58","280.78","609","658","182754.12","15354.35","277.74","300.09"
"UNKNOWN","1451","1603","179535.28","112.00","1392","1537","170726.63","26969.06","111.08","122.65"
"eletronicos","2550","2767","160246.74","57.91","2517","2729","155043.93","45679.16","56.81","61.60"
"consoles_games","1062","1137","157465.22","138.49","1018","1089","148003.37","19094.36","135.91","145.39"
"fashion_bolsas_e_acessorios","1864","2031","152823.54","75.25","1820","1985","149329.39","30558.90","75.23","82.05"
"construcao_ferramentas_construcao","748","929","144677.59","155.73","736","916","142108.49","20273.52","155.14","193.08"
"malas_acessorios","1034","1092","140429.98","128.60","1019","1077","138701.63","30076.49","128.79","136.12"
"eletrodomesticos_2","234","238","113317.74","476.12","227","231","107953.95","10254.57","467.33","475.57"
"casa_construcao","490","604","83088.12","137.56","483","596","81407.57","13614.80","136.59","168.55"
"eletrodomesticos","764","771","80171.53","103.98","747","754","78832.48","14469.30","104.55","105.53"
"agro_industria_e_comercio","182","212","72530.47","342.12","177","206","70566.10","5637.20","342.55","398.68"
"moveis_sala","422","503","68916.56","137.01","414","495","67350.70","17694.37","136.06","162.68"
"telefonia_fixa","217","264","59583.00","225.69","212","255","55315.21","4501.33","216.92","260.92"
"casa_conforto","397","434","58572.04","134.96","392","429","58008.45","8429.77","135.22","147.98"
"climatizacao","253","297","55024.96","185.27","246","289","53323.56","6530.99","184.51","216.76"
"audio","350","364","50688.50","139.25","348","362","50570.60","5684.72","139.70","145.32"
"portateis_casa_forno_e_cafe","75","76","47445.71","624.29","72","73","46589.56","2656.34","638.21","647.08"
"livros_interesse_geral","512","553","46856.88","84.73","496","537","45302.15","8880.39","84.36","91.33"
"moveis_cozinha_area_de_servico_jantar_e_jardim","248","281","46328.37","164.87","241","274","45531.98","11540.99","166.18","188.93"
"construcao_ferramentas_iluminacao","244","304","41080.00","135.13","242","301","39957.00","7490.14","132.75","165.11"
"construcao_ferramentas_seguranca","167","194","40544.52","208.99","159","183","38773.22","3730.80","211.88","243.86"
"industria_comercio_e_negocios","235","268","39669.61","148.02","232","265","38498.81","7580.53","145.28","165.94"
"alimentos","450","510","29393.41","57.63","441","499","28731.15","7063.53","57.58","65.15"
"market_place","280","311","28378.47","91.25","274","305","27795.77","5318.61","91.13","101.44"
"construcao_ferramentas_jardim","194","238","25715.89","108.05","190","232","25096.28","5187.66","108.17","132.09"
"artes","202","209","24202.64","115.80","195","197","23657.30","3828.23","120.09","121.32"
"fashion_calcados","240","262","23562.77","89.93","235","257","23001.46","4813.37","89.50","97.88"
"bebidas","297","379","22428.70","59.18","287","361","21529.84","5441.27","59.64","75.02"
"sinalizacao_e_seguranca","140","199","21509.23","108.09","138","197","21315.05","6477.54","108.20","154.46"
"moveis_quarto","95","109","20028.78","183.75","90","103","19051.80","4327.42","184.97","211.69"
"livros_tecnicos","260","267","19096.06","71.52","256","263","18702.23","4198.84","71.11","73.06"
"construcao_ferramentas_ferramentas","97","103","15903.95","154.41","97","103","15903.95","2030.22","154.41","163.96"
"alimentos_bebidas","227","278","15179.48","54.60","221","269","14942.88","4394.89","55.55","67.61"
"fashion_roupa_masculina","112","132","10797.82","81.80","106","125","10452.33","2062.62","83.62","98.61"
"fashion_underwear_e_moda_praia","121","131","9541.55","72.84","117","127","9305.95","1854.07","73.28","79.54"
"artigos_de_natal","128","153","8800.82","57.52","125","150","8737.84","3190.91","58.25","69.90"
"tablets_impressao_imagem","79","83","7528.41","90.70","79","83","7528.41","1226.20","90.70","95.30"
"cine_foto","65","72","6933.46","96.30","63","70","6674.47","1227.71","95.35","105.94"
"musica","38","38","6034.35","158.80","38","38","6034.35","690.51","158.80","158.80"
"dvds_blu_ray","59","64","5999.39","93.74","56","61","4542.59","1227.25","74.47","81.12"
"livros_importados","53","60","4639.85","77.33","50","57","4418.86","732.08","77.52","88.38"
"artigos_de_festas","39","43","4485.18","104.31","38","42","4465.19","820.19","106.31","117.51"
"moveis_colchao_e_estofado","38","38","4368.08","114.95","37","37","4323.38","1581.37","116.85","116.85"
"portateis_cozinha_e_preparadores_de_alimentos","14","15","3968.53","264.57","13","14","3933.63","294.42","280.97","302.59"
"fashion_roupa_feminina","39","48","2803.64","58.41","36","45","2634.94","583.50","58.55","73.19"
"fashion_esporte","27","30","2119.51","70.65","26","29","2094.52","563.03","72.22","80.56"
"la_cuisine","13","14","2054.99","146.79","13","14","2054.99","333.55","146.79","158.08"
"artes_e_artesanato","23","24","1814.01","75.58","23","24","1814.01","370.13","75.58","78.87"
"fraldas_higiene","27","39","1567.59","40.19","25","37","1500.79","545.40","40.56","60.03"
"pc_gamer","8","9","1545.95","171.77","7","8","1306.95","123.15","163.37","186.71"
"flores","29","33","1110.04","33.64","29","33","1110.04","488.87","33.64","38.28"
"casa_conforto_2","24","30","760.27","25.34","24","30","760.27","410.31","25.34","31.68"
"cds_dvds_musicais","12","14","730.00","52.14","12","14","730.00","224.99","52.14","60.83"
"fashion_roupa_infanto_juvenil","8","8","569.85","71.23","7","7","519.95","78.72","74.28","74.28"
"seguros_e_servicos","2","2","283.29","141.65","2","2","283.29","41.22","141.65","141.65"
